id,name,birthday
1,Charles Paige,06/01/1963
2,Andrew Bell,29/03/1972
3,Charles Reid,14/06/2009
4,Sebastian Hudson,15/08/1991
5,Gavin Ball,20/03/1983
6,Rachel James,27/09/1977
7,Rachel Paige,13/09/1995
8,Una Parsons,22/01/2014
9,Hannah Taylor,22/05/1978
10,Una James,05/09/1981
11,Angela Watson,15/04/1994
12,Rebecca Hudson,06/09/1975
13,Isaac Allan,29/072006
14,Adam Hudson,07/05/1975
15,Jack Walsh,29/10/2012
16,Felicity Churchill,09/11/1983
17,Melanie Mills,12/02/2007
18,Neil Turner,18/05/2008
19,Deirdre Mathis,02/01/2010
20,Jack Poole,03/08/1997
21,Dorothy Lee,16/03/1999
22,Adrian Lawrence,24/12/1987
23,Lily Ross,02/09/1967
24,Stewart Bond,15/02/2008
25,Colin Turner,06/06/1994
26,Pippa Glover,15/08/2001
27,Ruth Ogden,23/23/2007
28,Jason Alsop,23/04/2002
29,Kevin James,15/12/1988
30,Ava Jackson,1411/1997
31,Brandon Blake,21/12/1995
32,Christopher Ross,04/09/2015
33,Abigail Abraham,09/12/1993
34,Rachel Cameron,22/02/1999
35,Anna Hardacre,16/01/2005
36,Ruth Carr,15/02/1995
37,Jessica Miller,20/11/1999
38,Peter McDonald,18/01/1987
39,Nicola Jones,18/05/1970
40,Paul McGrath,27/06/1969
41,Diana Nolan,09/04/1973
42,Claire Langdon,15/08/2010
43,Blake Blake,16/02/1991
44,Wendy Rampling,04/05/1986
45,Audrey Butler,20/09/1979
46,Sebastian Jones,24/11/1975
47,Jane Nash,11/11/19895
48,Joshua Glover,44/01/1972
49,Stewart Ogden,27/03/1970
50,Trevor Clarkson,01/08/1979
51,Stewart Hughes,01/12/2005
52,Paul Powell,28/10/2011
53,Chloe Walsh,20/07/1965
54,John Clark,01/03/1973
55,Dorothy Cornish,06/09/1983
56,Jessica Robertson,05/07/2004
57,Elizabeth Langdon,13/05/1997
58,Luke MacLeod,22/09/1983
59,Dominic Clark,26/04/1998
60,Madeleine Roberts,03/05/2002
61,Jane Hemmings,17/04/1986
62,Edward Bell,31/05/1968
63,Lucas Scott,18/11/2015
64,Yvonne Kelly,30/01/1992
65,Harry McLean,12/11/1984
66,Colin Payne,17/02/1975
67,Amy Gill,29*06*1988
68,Donna Sharp,15/10/2007
69,Alexandra Ince,26/11/1981
70,Zoe Bailey,25/09/2007
71,Penelope Underwood,00/10/1995
72,Grace Murray,02/08/2004
73,Jennifer Arnold,31/12/1962
74,Justin Forsyth,25/12/1972
75,Richard Bell,25/09/1989
76,Amanda McGrath,25/04/2009
77,Caroline Manning,08/01/1983
78,Stephanie Coleman,25/19/1998
79,Donna Burgess,04/08/1964
80,Jason Ferguson,30/11/1997
81,Lillian Young,17/09/2000
82,Phil Ogden,07/07/1996
83,Bella Rutherford,02/07/1976
84,Julian Abraham,09/02/1998
85,Michael Young,01/03/1980
86,Dominic Coleman,08/01/2010
87,Rachel Powell,09-08-2003
88,Adam Ellison,25/08/1979
89,Austin Dowd,25/08/2001
90,Sonia Pullman,14/09/1999
91,Isaac Dowd,25/07/1997
92,Amy Slater,07/03/1996
93,David Howard,22//01//2013
94,Carol Thomson,30/01/1987
95,Carol Gibson,28/06/1985
96,Carl Alsop,29/12/1994
97,Alexandra Lambert,20/07/1961
98,Alexander Dyer,14/05/1982
99,Alan Wilson,03/04/1960
100,Austin Burgess,04/06/1979
